CREATE DATABASE Aca;
Use Aca;

CREATE TABLE estudiante(
	idEstudiante INT PRIMARY KEY NOT NULL,
	nombreEstudiante VARCHAR(100) NOT NULL,
	apellidoEstudiante VARCHAR(100) NOT NULL
);
CREATE TABLE profesor(
	idProfesor INT PRIMARY KEY IDENTITY NOT NULL,
	nombreProfesor VARCHAR(100) NOT NULL,
	apellidoProfesor VARCHAR(100) NOT NULL
);
CREATE TABLE curso(
	idCurso INT PRIMARY KEY IDENTITY NOT NULL,
	nombreCurso VARCHAR(100) NOT NULL,
	descripcion VARCHAR(2000) NOT NULL
);
CREATE TABLE tipoEvaluacion(
	idTipoEvaluacion INT PRIMARY KEY IDENTITY NOT NULL,
	tipoEvaluacion VARCHAR(100) NOT NULL
);
CREATE TABLE cursoxProfe(
	idProfesor INT NOT NULL,
	idCurso INT NOT NULL,
	PRIMARY KEY (idCurso, idProfesor),
	FOREIGN KEY (idProfesor) REFERENCES profesor(idProfesor) ON DELETE CASCADE,
	FOREIGN KEY (idCurso) REFERENCES curso(idCurso) ON DELETE CASCADE
);
CREATE TABLE cursoxEst(
	idEstudiante INT NOT NULL,
	idCurso INT NOT NULL,
	PRIMARY KEY (idEstudiante, idCurso),
	FOREIGN KEY (idEstudiante) REFERENCES estudiante(idEstudiante) ON DELETE CASCADE,
	FOREIGN KEY (idCurso) REFERENCES curso(idCurso) ON DELETE CASCADE
);
CREATE TABLE evaluacion(
	idEvaluacion INT PRIMARY KEY IDENTITY NOT NULL,
	nombreEvaluacion VARCHAR(100) NOT NULL,
	descripcion VARCHAR(2000) NOT NULL,
	idCurso INT NOT NULL,
	idTipoEvaluacion INT NOT NULL,
	FOREIGN KEY (idCurso) REFERENCES curso(idCurso) ON DELETE CASCADE,
	FOREIGN KEY (idTipoEvaluacion) REFERENCES tipoEvaluacion(idTipoEvaluacion) ON DELETE CASCADE
);
CREATE TABLE evalxEst(
	idEvaluacion INT NOT NULL,
	idEstudiante INT NOT NULL,
	PRIMARY KEY (idEvaluacion, idEstudiante),
	FOREIGN KEY (idEvaluacion) REFERENCES evaluacion(idEvaluacion) ON DELETE CASCADE,
	FOREIGN KEY (idEstudiante) REFERENCES estudiante(idEstudiante) ON DELETE CASCADE,
	calificacion FLOAT NOT NULL
);

ALTER TABLE profesor ADD email VARCHAR(100) NOT NULL;

--ESTUDIANTES
INSERT INTO estudiante(idEstudiante, nombreEstudiante, apellidoEstudiante) VALUES
(20235809, 'Alessandra', 'Aguiluz'),
(20235058, 'Helder', 'Alfaro'),
(20235947, 'Gerardo', 'Ardon'),
(20235762, 'Roberto', 'Argueta'),
(20235753, 'Daniela', 'Argueta'),
(20235886, 'Astrid', 'Ayala'),
(20235915, 'Erick', 'Bernal'),
(20235760, 'Diego', 'Cabezas'),
(20235676, 'Alexis', 'Cabrera'),
(20235057, 'Valeria', 'Castro'),
(20235111, 'Andrea', 'Cobos'),
(20235918, 'Julio', 'Contreras'),
(20235894, 'Ricardo', 'Cubias'),
(20235866, 'Leonardo', 'Escalante'),
(20235854, 'Fernando', 'Fuentes'),
(20235810, 'Masciel', 'Fuentes'),
(20235981, 'Daniela', 'Guardado'),
(20235838, 'Levi', 'Guerra'),
(20235917, 'Marcelo', 'Guerra'),
(20235929, 'Cristina', 'Guillen'),
(20235806, 'Jaime', 'Lazo'),
(20235691, 'Camila', 'Melara'),
(20235962, 'Marjorie', 'Monson'),
(20235780, 'Diego', 'Morales'),
(20235766, 'Rene', 'Morataya'),
(20235764, 'Carla', 'Navas'),
(20235861, 'Genesis', 'Parada'),
(20235662, 'Daniela', 'Pineda'),
(20235782, 'Nataly', 'Ponce'),
(20225526, 'Mauricio', 'Ramirez'),
(20235067, 'Axel', 'Renderos'),
(20235053, 'Cristina', 'Rosa'),
(20235795, 'Fernanda', 'Rubio'),
(20235787, 'Christian', 'Sanchez'),
(20235794, 'Nahomi', 'Serrano'),
(20235905, 'Fernando', 'Solorzano'),
(20215249, 'Alejandro', 'Tobar'),
(20235722, 'Melissa', 'Torres'),
(20235128, 'Benjamin', 'Trabanino'),
(20235772, 'Lucia', 'Turcios'),
(20225407, 'Giovanna', 'Valle'),
(20235007, 'Rolando', 'Zelaya'),
(20235973, 'Ximena', 'Zelaya');

INSERT INTO profesor (nombreProfesor, apellidoProfesor, email) VALUES
('Patricia', 'Rodriguez Polanco', 'patricia.rodriguez@esen.edu.sv'),
('Hugo', 'Barrientos', 'hugo.barrientos@esen.edu.sv'),
('John Bryan', 'Guzman', 'john.guzman@esen.edu.sv'),
('Manuel', 'Masferrer', 'msanchez@esen.edu.sv'),
('Gabriela', 'Carranza', 'gcarranza@esen.edu.sv'),
('Guillermo', 'Calderon', 'guillermo.calderon@esen.edu.sv');

INSERT INTO curso(nombreCurso, descripcion) VALUES
('Pruebas de Software', 'En esta asignatura exploraremos las técnicas de pruebas de software, aplicables a cualquier tipo de aplicación informática. Ademas, abordaremos las técnicas involucradas en el desarrollo basado en pruebas (TDD - Test Driven Development), la integración continua y su influencia en el proceso de aseguramiento de la calidad de software.'),
('Requerimientos y Prototipado', 'Este curso tiene como objetivo proporcionar a los estudiantes una comprensión profunda de las técnicas y herramientas necesarias para la captura de requerimientos, así como el diseño y creación de prototipos. Los estudiantes aprenderán a identificar, documentar y validar los requerimientos de software, y a traducirlos en prototipos funcionales que faciliten la comunicación con los interesados, sobre todo con clientes y stakeholders.'),
('Base de Datos I', 'Este curso desarrolla competencias de los principios fundamentales y metodologías para la estructuración y uso de bases de datos. Las actividades se centrarán en comprender los fundamentos del diseño de una base de datos y ejercicios prácticos donde se implementarán los principios de sistemas de bases de datos, incluyendo saberes adicionales útiles para ingeniería de software. Finalmente, estas bases se convertirán en saberes clave para próximos cursos que poseerán un mayor grado de especialización.'),
('Estructura de Datos y Algoritmos', 'Este curso busca que los estudiantes dominen las estructuras de datos más importantes utilizadas en la programación de aplicaciones informáticas, y los algoritmos que son utilizados para trabajar con ellas, así como el cumplimiento de objetivos y restricciones impuestas sobre los algoritmos.'),
('Pilares de Liderazgo', 'Esta materia tiene como objetivo principal generar introspección y reflexión sobre nuestra situación actual, nuestros sueños, objetivos, metas y los niveles de bienestar que queremos alcanzar; así como, proporcionarnos herramientas prácticas para reducir la brecha entre la situación actual y de la deseada.'),
('Desarrollo Web I', 'Este curso tiene como objetivo proporcionar a los estudiantes los fundamentos básicos de los lenguajes HTML, CSS y JavaScript para el desarrollo web. Los estudiantes serán capaces de crear, diseñar y estructurar sitios webs funcionales y aplicaciones interactivas.');

INSERT INTO tipoEvaluacion(tipoEvaluacion) VALUES
('Tarea'),
('Control'),
('Parcial');

INSERT INTO cursoxProfe (idCurso, idProfesor) VALUES
(1,1), (2,2), (3,3), (4,4), (5,5), (6,6);

INSERT INTO cursoxEst (idEstudiante, idCurso) VALUES
(20235809, 1), (20235809, 2), (20235809, 3), (20235809,4),(20235809,5),(20235809,6),
(20235058, 1), (20235058, 2), (20235058, 3), (20235058,4),(20235058,5),(20235058,6),
(20235947, 1), (20235947, 2), (20235947, 3), (20235947,4),(20235947,5),(20235947,6),
(20235762, 1), (20235762, 2), (20235762, 3), (20235762,4),(20235762,5),(20235762,6),
(20235753, 1), (20235753, 2), (20235753, 3), (20235753,4),(20235753,5),(20235753,6),
(20235886, 1), (20235886, 2), (20235886, 3), (20235886,4),(20235886,5),(20235886,6),
(20235915, 1), (20235915, 2), (20235915, 3), (20235915,4),(20235915,5),(20235915,6),
(20235760, 1), (20235760, 2), (20235760, 3), (20235760,4),(20235760,5),(20235760,6),
(20235676, 1), (20235676, 2), (20235676, 3), (20235676,4),(20235676,5),(20235676,6),
(20235057, 1), (20235057, 2), (20235057, 3), (20235057,4),(20235057,5),(20235057,6),
(20235111, 1), (20235111, 2), (20235111, 3), (20235111,4),(20235111,5),(20235111,6),
(20235918, 1), (20235918, 2), (20235918, 3), (20235918,4),(20235918,5),(20235918,6),
(20235981, 1), (20235981, 2), (20235981, 3), (20235981,4),(20235981,5),(20235981,6),
(20235838, 1), (20235838, 2), (20235838, 3), (20235838,4),(20235838,5),(20235838,6),
(20235917, 1), (20235917, 2), (20235917, 3), (20235917,4),(20235917,5),(20235917,6),
(20235929, 1), (20235929, 2), (20235929, 3), (20235929,4),(20235929,5),(20235929,6),
(20235806, 1), (20235806, 2), (20235806, 3), (20235806,4),(20235806,5),(20235806,6),
(20235691, 1), (20235691, 2), (20235691, 3), (20235691,4),(20235691,5),(20235691,6),
(20235962, 1), (20235962, 2), (20235962, 3), (20235962,4),(20235962,5),(20235962,6),
(20235780, 1), (20235780, 2), (20235780, 3), (20235780,4),(20235780,5),(20235780,6),
(20235766, 1), (20235766, 2), (20235766, 3), (20235766,4),(20235766,5),(20235766,6),
(20235764, 1), (20235764, 2), (20235764, 3), (20235764,4),(20235764,5),(20235764,6),
(20235861, 1), (20235861, 2), (20235861, 3), (20235861,4),(20235861,5),(20235861,6),
(20235662, 1), (20235662, 2), (20235662, 3), (20235662,4),(20235662,5),(20235662,6),
(20235782, 1), (20235782, 2), (20235782, 3), (20235782,4),(20235782,5),(20235782,6),
(20225526, 1), (20225526, 2), (20225526, 3), (20225526,4),(20225526,5),(20225526,6),
(20235067, 1), (20235067, 2), (20235067, 3), (20235067,4),(20235067,5),(20235067,6),
(20235053, 1), (20235053, 2), (20235053, 3), (20235053,4),(20235053,5),(20235053,6),
(20235795, 1), (20235795, 2), (20235795, 3), (20235795,4),(20235795,5),(20235795,6),
(20235787, 1), (20235787, 2), (20235787, 3), (20235787,4),(20235787,5),(20235787,6),
(20235794, 1), (20235794, 2), (20235794, 3), (20235794,4),(20235794,5),(20235794,6),
(20235905, 1), (20235905, 2), (20235905, 3), (20235905,4),(20235905,5),(20235905,6),
(20215249, 1), (20215249, 2), (20215249, 3), (20215249,4),(20215249,5),(20215249,6),
(20235722, 1), (20235722, 2), (20235722, 3), (20235722,4),(20235722,5),(20235722,6),
(20235128, 1), (20235128, 2), (20235128, 3), (20235128,4),(20235128,5),(20235128,6),
(20235772, 1), (20235772, 2), (20235772, 3), (20235772,4),(20235772,5),(20235772,6),
(20225407, 1), (20225407, 2), (20225407, 3), (20225407,4),(20225407,5),(20225407,6),
(20235007, 1), (20235007, 2), (20235007, 3), (20235007,4),(20235007,5),(20235007,6);

INSERT INTO evaluacion (nombreEvaluacion, descripcion, idCurso, idTipoEvaluacion) VALUES
('Parcial Final', 'Parcial Final de la materia', 1, 3),
('Parcial Final', 'Parcial Final de la materia', 4, 3),
('Parcial de mitad de Ciclo', 'Parcial: Semana 6', 1, 3),
('Parcial de mitad de Ciclo', 'Parcial 1', 2, 3),
('Parcial 1', 'Parcial de mitad de Ciclo', 3, 3),
('Examen Parcial', 'Parcial 1', 4, 3),
('Control 1', 'Control 1: HTML', 6, 2),
('Control 2', 'Pilar relacional', 5, 2),
('Control 1', 'Pilar Financiero', 5, 2),
('Control 1', 'Tipos de Esquemas', 2, 2),
('Tarea 1', 'Tarea Arbol Binario', 4, 1),
('Tarea 2', 'Tarea IF-ELSE', 4, 1),
('Tarea 2', 'Ciclo de Pruebas de Software', 1, 1),
('Tarea 3', 'Entrevista', 2, 1),
('Control 1', 'Diagrama Entidad-Relacion', 3, 2),
('Tarea 2', 'Diagrama Relacional Normalizado', 3, 1),
('Foro Wonder', 'Pilar emocional', 5, 1),
('Guia 1', 'Introduccion a HTML y CSS', 6, 1),
('Guia 5', 'Introduccion a JavaScript', 6, 1);

INSERT INTO evalxEst (idEvaluacion, idEstudiante, calificacion) VALUES
(1,20235809,9.5),(2,20235809,9.0),(3,20235809,7.5),(4,20235809,6.0),(5,20235809,10.0),(6,20235809, 5.5),(7,20235809,7.65),(8,20235809,9.65),
(9,20235809,7.85),(10,20235809,5.65),(11,20235809,4.5),(12,20235809,8.23),(13,20235809,7.84),(14,20235809,4.6),(15,20235809,9.5),
(16,20235809,7.45),(17,20235809,7.85),(18,20235809,6.52),(19,20235809,7.45);

INSERT INTO evalxEst (idEvaluacion, idEstudiante, calificacion) VALUES
(1,20235058,8.5),(2,20235058,7.5),(3,20235058,4.2),(4,20235058,5.66),(5,20235058,7.8),(6,20235058,6.2),(7,20235058,7.11),(8,20235058,8.21),
(9,20235058,5.41),(10,20235058,9.5),(11,20235058,8.5),(12,20235058,4.2),(13,20235058,1.87),(14,20235058,4.42),(15,20235058,7.8),
(16,20235058,5.5),(17,20235058,9.8),(18,20235058,10.0),(19,20235058,10.0);

INSERT INTO evalxEst (idEvaluacion, idEstudiante, calificacion) VALUES
(1,20235947,8.45),(2,20235947,7.42),(3,20235947,6.5),(4,20235947,4.0),(5,20235947,5.2),(6,20235947, 7.74),(7,20235947,6.25),(8,20235947,9.0),
(9,20235947,7.0),(10,20235947,5.0),(11,20235947,4.0),(12,20235947,7.52),(13,20235947,5.4),(14,20235947,7.6),(15,20235947,4.5),
(16,20235947,5.5),(17,20235947,8.5),(18,20235947,5.2),(19,20235947,7.5),

(1,20235762,4.44),(2,20235762,7.5),(3,20235762,7.5),(4,20235762,9.58),(5,20235762,4.4),(6,20235762, 7.41),(7,20235762,8.54),(8,20235762,7.41),
(9,20235762,8.5),(10,20235762,4.21),(11,20235762,8.54),(12,20235762,7.01),(13,20235762,5.23),(14,20235762,4.5),(15,20235762,9.2),
(16,20235762,7.4),(17,20235762,1.2),(18,20235762,7.5),(19,20235762,7.5);

INSERT INTO evalxEst (idEvaluacion, idEstudiante, calificacion) VALUES
(1,20235753,10.0),(2,20235753,8.9),(3,20235753,7.2),(4,20235753,6.5),(5,20235753,9.9),(6,20235753, 6.0),(7,20235753,8.0),(8,20235753,9.0),
(9,20235753,7.0),(10,20235753,8.65),(11,20235753,4.0),(12,20235753,2.3),(13,20235753,4.2),(14,20235753,8.5),(15,20235753,6.5),
(16,20235753,7.14),(17,20235753,8.5),(18,20235753,7.5),(19,20235753,8.75);

INSERT INTO evalxEst (idEvaluacion, idEstudiante, calificacion) VALUES
(1,20235886,9.55),(2,20235886,7.85),(3,20235886,5.5),(4,20235886,8.5),(5,20235886,10.0),(6,20235886, 7.2),(7,20235886,7.7),(8,20235886,9.5),
(9,20235886,8.8),(10,20235886,8.6),(11,20235886,9.2),(12,20235886,7.5),(13,20235886,8.8),(14,20235886,9.8),(15,20235886,9.0),
(16,20235886,5.5),(17,20235886,7.8),(18,20235886,8.5),(19,20235886,9.5),

(1,20235915,7.5),(2,20235915,8.2),(3,20235915,7.5),(4,20235915,5.5),(5,20235915,6.5),(6,20235915,4.2),(7,20235915,8.2),(8,20235915,7.5),
(9,20235915,8.5),(10,20235915,7.4),(11,20235915,7.98),(12,20235915,5.2),(13,20235915,7.5),(14,20235915,8.5),(15,20235915,7.5),
(16,20235915,8.5),(17,20235915,9.5),(18,20235915,7.6),(19,20235915,8.2),

(1,20235760,9.5),(2,20235760,9.0),(3,20235760,7.5),(4,20235760,6.0),(5,20235760,10.0),(6,20235760, 5.5),(7,20235760,7.65),(8,20235760,9.65),
(9,20235760,7.85),(10,20235760,5.65),(11,20235760,4.5),(12,20235760,8.23),(13,20235760,7.84),(14,20235760,4.6),(15,20235760,9.5),
(16,20235760,7.45),(17,20235760,7.85),(18,20235760,6.52),(19,20235760,7.45),

(1,20235676,10.0),(2,20235676,8.9),(3,20235676,9.5),(4,20235676,9.4),(5,20235676,9.5),(6,20235676, 8.7),(7,20235676,7.5),(8,20235676,9.65),
(9,20235676,8.75),(10,20235676,9.65),(11,20235676,7.98),(12,20235676,8.9),(13,20235676,7.7),(14,20235676,8.5),(15,20235676,8.95),
(16,20235676,8.14),(17,20235676,7.5),(18,20235676,9.5),(19,20235676,10),

(1,20235057,4.44),(2,20235057,7.5),(3,20235057,7.5),(4,20235057,9.58),(5,20235057,4.4),(6,20235057, 7.41),(7,20235057,8.54),(8,20235057,7.41),
(9,20235057,8.5),(10,20235057,4.21),(11,20235057,8.54),(12,20235057,7.01),(13,20235057,5.23),(14,20235057,4.5),(15,20235057,9.2),
(16,20235057,7.4),(17,20235057,1.2),(18,20235057,7.5),(19,20235057,7.5);

INSERT INTO evalxEst (idEvaluacion, idEstudiante, calificacion) VALUES
(1,20235111,9.55),(2,20235111,7.85),(3,20235111,5.5),(4,20235111,8.5),(5,20235111,10.0),(6,20235111, 7.2),(7,20235111,7.7),(8,20235111,9.5),
(9,20235111,8.8),(10,20235111,8.6),(11,20235111,9.2),(12,20235111,7.5),(13,20235111,8.8),(14,20235111,9.8),(15,20235111,9.0),
(16,20235111,5.5),(17,20235111,7.8),(18,20235111,8.5),(19,20235111,9.5),

(1,20235918,8.5),(2,20235918,7.5),(3,20235918,4.2),(4,20235918,5.66),(5,20235918,7.8),(6,20235918,6.2),(7,20235918,7.11),(8,20235918,8.21),
(9,20235918,5.41),(10,20235918,9.5),(11,20235918,8.5),(12,20235918,4.2),(13,20235918,1.87),(14,20235918,4.42),(15,20235918,7.8),
(16,20235918,5.5),(17,20235918,9.8),(18,20235918,10.0),(19,20235918,10.0),

(1,20235894,7.5),(2,20235894,8.2),(3,20235894,7.5),(4,20235894,5.5),(5,20235894,6.5),(6,20235894,4.2),(7,20235894,8.2),(8,20235894,7.5),
(9,20235894,8.5),(10,20235894,7.4),(11,20235894,7.98),(12,20235894,5.2),(13,20235894,7.5),(14,20235894,8.5),(15,20235894,7.5),
(16,20235894,8.5),(17,20235894,9.5),(18,20235894,7.6),(19,20235894,8.2),

(1,20235866,9.5),(2,20235866,9.0),(3,20235866,7.5),(4,20235866,6.0),(5,20235866,10.0),(6,20235866, 5.5),(7,20235866,7.65),(8,20235866,9.65),
(9,20235866,7.85),(10,20235866,5.65),(11,20235866,4.5),(12,20235866,8.23),(13,20235866,7.84),(14,20235866,4.6),(15,20235866,9.5),
(16,20235866,7.45),(17,20235866,7.85),(18,20235866,6.52),(19,20235866,7.45),

(1,20235854,10.0),(2,20235854,8.9),(3,20235854,7.2),(4,20235854,6.5),(5,20235854,9.9),(6,20235854, 6.0),(7,20235854,8.0),(8,20235854,9.0),
(9,20235854,7.0),(10,20235854,8.65),(11,20235854,4.0),(12,20235854,2.3),(13,20235854,4.2),(14,20235854,8.5),(15,20235854,6.5),
(16,20235854,7.14),(17,20235854,8.5),(18,20235854,7.5),(19,20235854,8.75),

(1,20235810,9.75),(2,20235810,7.1),(3,20235810,4.5),(4,20235810,4.5),(5,20235810,8.8),(6,20235810, 7.15),(7,20235810,8.8),(8,20235810,9.1),
(9,20235810,7.2),(10,20235810,8.3),(11,20235810,5.5),(12,20235810,4.3),(13,20235810,3.2),(14,20235810,6.5),(15,20235810,9.5),
(16,20235810,7.55),(17,20235810,9.65),(18,20235810,7.2),(19,20235810,6.1);

INSERT INTO evalxEst (idEvaluacion, idEstudiante, calificacion) VALUES
(1,20235981,4.44),(2,20235981,7.5),(3,20235981,7.5),(4,20235981,9.58),(5,20235981,4.4),(6,20235981, 7.41),(7,20235981,8.54),(8,20235981,7.41),
(9,20235981,8.5),(10,20235981,4.21),(11,20235981,8.54),(12,20235981,7.01),(13,20235981,5.23),(14,20235981,4.5),(15,20235981,9.2),
(16,20235981,7.4),(17,20235981,1.2),(18,20235981,7.5),(19,20235981,7.5),

(1,20235838,9.5),(2,20235838,9.0),(3,20235838,7.5),(4,20235838,6.0),(5,20235838,10.0),(6,20235838, 5.5),(7,20235838,7.65),(8,20235838,9.65),
(9,20235838,7.85),(10,20235838,5.65),(11,20235838,4.5),(12,20235838,8.23),(13,20235838,7.84),(14,20235838,4.6),(15,20235838,9.5),
(16,20235838,7.45),(17,20235838,7.85),(18,20235838,6.52),(19,20235838,7.45),

(1,20235917,8.45),(2,20235917,7.42),(3,20235917,6.5),(4,20235917,4.0),(5,20235917,5.2),(6,20235917, 7.74),(7,20235917,6.25),(8,20235917,9.0),
(9,20235917,7.0),(10,20235917,5.0),(11,20235917,4.0),(12,20235917,7.52),(13,20235917,5.4),(14,20235917,7.6),(15,20235917,4.5),
(16,20235917,5.5),(17,20235917,8.5),(18,20235917,5.2),(19,20235917,7.5),

(1,20235929,6.5),(2,20235929,3.2),(3,20235929,4.5),(4,20235929,5.5),(5,20235929,6.5),(6,20235929,4.2),(7,20235929,8.9),(8,20235929,7.5),
(9,20235929,7.5),(10,20235929,2.3),(11,20235929,5.1),(12,20235929,5.2),(13,20235929,9.5),(14,20235929,8.5),(15,20235929,7.5),
(16,20235929,8.1),(17,20235929,9.5),(18,20235929,7.6),(19,20235929,7.3),

(1,20235806,10.0),(2,20235806,8.9),(3,20235806,9.5),(4,20235806,9.4),(5,20235806,9.5),(6,20235806, 8.7),(7,20235806,7.5),(8,20235806,9.65),
(9,20235806,8.75),(10,20235806,9.65),(11,20235806,7.98),(12,20235806,8.9),(13,20235806,7.7),(14,20235806,8.5),(15,20235806,8.95),
(16,20235806,8.14),(17,20235806,7.5),(18,20235806,9.5),(19,20235806,10);

INSERT INTO evalxEst (idEvaluacion, idEstudiante, calificacion) VALUES
(1,20235691,10.0),(2,20235691,8.5),(3,20235691,8.5),(4,20235691,8.5),(5,20235691,10.0),(6,20235691, 9.2),(7,20235691,8.7),(8,20235691,9.5),
(9,20235691,8.8),(10,20235691,8.6),(11,20235691,9.2),(12,20235691,8.9),(13,20235691,8.8),(14,20235691,9.8),(15,20235691,9.9),
(16,20235691,9.5),(17,20235691,8.8),(18,20235691,8.5),(19,20235691,9.5),

(1,20235962,6.5),(2,20235962,3.2),(3,20235962,4.5),(4,20235962,5.5),(5,20235962,6.5),(6,20235962,4.2),(7,20235962,8.9),(8,20235962,7.5),
(9,20235962,7.5),(10,20235962,2.3),(11,20235962,5.1),(12,20235962,5.2),(13,20235962,9.5),(14,20235962,8.5),(15,20235962,7.5),
(16,20235962,8.1),(17,20235962,9.5),(18,20235962,7.6),(19,20235962,7.3),

(1,20235780,8.8),(2,20235780,7.2),(3,20235780,8.5),(4,20235780,4.0),(5,20235780,8.2),(6,20235780, 8.74),(7,20235780,8.25),(8,20235780,9.2),
(9,20235780,7.2),(10,20235780,6.3),(11,20235780,4.9),(12,20235780,7.52),(13,20235780,7.4),(14,20235780,9.6),(15,20235780,7.5),
(16,20235780,9.5),(17,20235780,6.5),(18,20235780,8.2),(19,20235780,9.5),

(1,20235766,7.5),(2,20235766,8.2),(3,20235766,7.5),(4,20235766,5.5),(5,20235766,6.5),(6,20235766,4.2),(7,20235766,8.2),(8,20235766,7.5),
(9,20235766,8.5),(10,20235766,7.4),(11,20235766,7.98),(12,20235766,5.2),(13,20235766,7.5),(14,20235766,8.5),(15,20235766,7.5),
(16,20235766,8.5),(17,20235766,9.5),(18,20235766,7.6),(19,20235766,8.2),

(1,20235764,8.5),(2,20235764,7.6),(3,20235764,8.5),(4,20235764,4.9),(5,20235764,5.5),(6,20235764, 7.8),(7,20235764,8.25),(8,20235764,9.7),
(9,20235764,7.3),(10,20235764,5.6),(11,20235764,4.8),(12,20235764,7.9),(13,20235764,6.2),(14,20235764,9.6),(15,20235764,6.5),
(16,20235764,5.7),(17,20235764,8.9),(18,20235764,9.2),(19,20235764,8.6);

INSERT INTO evalxEst (idEvaluacion, idEstudiante, calificacion) VALUES
(1,20235861,4.6),(2,20235861,6.9),(3,20235861,9.5),(4,20235861,7.4),(5,20235861,9.5),(6,20235861, 6.7),(7,20235861,5.5),(8,20235861,9.7),
(9,20235861,8.2),(10,20235861,4.6),(11,20235861,5.2),(12,20235861,8.9),(13,20235861,5.7),(14,20235861,8.2),(15,20235861,8.5),
(16,20235861,6.6),(17,20235861,4.5),(18,20235861,9.5),(19,20235861,9.5),

(1,20235662,9.5),(2,20235662,7.2),(3,20235662,8.6),(4,20235662,9.7),(5,20235662,9.5),(6,20235662,8.2),(7,20235662,8.9),(8,20235662,10.0),
(9,20235662,8.5),(10,20235662,8.3),(11,20235662,9.9),(12,20235662,8.2),(13,20235662,9.5),(14,20235662,8.5),(15,20235662,9.5),
(16,20235662,9.1),(17,20235662,9.5),(18,20235662,7.6),(19,20235662,8.3),

(1,20235782,10.0),(2,20235782,8.9),(3,20235782,9.5),(4,20235782,9.4),(5,20235782,9.5),(6,20235782, 8.7),(7,20235782,7.5),(8,20235782,9.65),
(9,20235782,8.75),(10,20235782,9.65),(11,20235782,7.98),(12,20235782,8.9),(13,20235782,7.7),(14,20235782,8.5),(15,20235782,8.95),
(16,20235782,8.14),(17,20235782,7.5),(18,20235782,9.5),(19,20235782,10.0),

(1,20225526,8.5),(2,20225526,9.5),(3,20225526,8.8),(4,20225526,9.7),(5,20225526,4.9),(6,20225526, 7.5),(7,20225526,8.5),(8,20225526,7.8),
(9,20225526,7.7),(10,20225526,8.6),(11,20225526,8.7),(12,20225526,7.3),(13,20225526,5.0),(14,20225526,7.8),(15,20225526,9.9),
(16,20225526,7.1),(17,20225526,5.2),(18,20225526,5.5),(19,20225526,7.8),

(1,20235067,9.0),(2,20235067,9.3),(3,20235067,8.6),(4,20235067,6.2),(5,20235067,8.9),(6,20235067, 8.5),(7,20235067,8.65),(8,20235067,1.65),
(9,20235067,7.1),(10,20235067,8.9),(11,20235067,5.5),(12,20235067,8.7),(13,20235067,7.3),(14,20235067,7.6),(15,20235067,7.5),
(16,20235067,6.9),(17,20235067,7.9),(18,20235067,6.7),(19,20235067,7.9),

(1,20235053,9.75),(2,20235053,6.9),(3,20235053,8.5),(4,20235053,10.0),(5,20235053,7.5),(6,20235053, 7.6),(7,20235053,9.3),(8,20235053,9.6),
(9,20235053,7.75),(10,20235053,7.65),(11,20235053,4.98),(12,20235053,5.9),(13,20235053,7.9),(14,20235053,9.5),(15,20235053,8.5),
(16,20235053,5.14),(17,20235053,6.5),(18,20235053,2.5),(19,20235053,7.0),

(1,20235795,7.5),(2,20235795,8.2),(3,20235795,7.5),(4,20235795,5.5),(5,20235795,6.5),(6,20235795,4.2),(7,20235795,8.2),(8,20235795,7.5),
(9,20235795,8.5),(10,20235795,7.4),(11,20235795,7.98),(12,20235795,5.2),(13,20235795,7.5),(14,20235795,8.5),(15,20235795,7.5),
(16,20235795,8.5),(17,20235795,9.5),(18,20235795,7.6),(19,20235795,8.2);

INSERT INTO evalxEst (idEvaluacion, idEstudiante, calificacion) VALUES
(1,20235787,8.2),(2,20235787,8.2),(3,20235787,9.5),(4,20235787,7.5),(5,20235787,5.5),(6,20235787,9.4),(7,20235787,7.75),(8,20235787,7.9),
(9,20235787,8.5),(10,20235787,5.7),(11,20235787,7.8),(12,20235787,6.5),(13,20235787,8.4),(14,20235787,6.5),(15,20235787,7.8),
(16,20235787,8.3),(17,20235787,6.5),(18,20235787,7.6),(19,20235787,8.6),

(1,20235794,9.5),(2,20235794,8.3),(3,20235794,9.7),(4,20235794,7.7),(5,20235794,7.5),(6,20235794, 8.9),(7,20235794,7.9),(8,20235794,10.0),
(9,20235794,8.7),(10,20235794,9.2),(11,20235794,10.0),(12,20235794,8.5),(13,20235794,6.5),(14,20235794,8.2),(15,20235794,8.9),
(16,20235794,8.4),(17,20235794,8.2),(18,20235794,6.2),(19,20235794,9.9),

(1,20235905,8.5),(2,20235905,7.2),(3,20235905,8.9),(4,20235905,6.5),(5,20235905,7.5),(6,20235905,5.5),(7,20235905,8.7),(8,20235905,7.5),
(9,20235905,7.4),(10,20235905,6.3),(11,20235905,7.8),(12,20235905,5.3),(13,20235905,10.0),(14,20235905,6.7),(15,20235905,5.5),
(16,20235905,8.05),(17,20235905,10.0),(18,20235905,8.8),(19,20235905,7.8),

(1,20215249,5.5),(2,20215249,9.5),(3,20215249,9.5),(4,20215249,9.5),(5,20215249,5.2),(6,20215249, 8.98),(7,20215249,8.7),(8,20215249,7.1),
(9,20215249,7.5),(10,20215249,5.5),(11,20215249,8.4),(12,20215249,7.3),(13,20215249,5.7),(14,20215249,6.2),(15,20215249,9.3),
(16,20215249,6.4),(17,20215249,4.5),(18,20215249,6.6),(19,20215249,7.1),

(1,20235722,9.5),(2,20235722,9.2),(3,20235722,8.3),(4,20235722,9.7),(5,20235722,9.1),(6,20235722, 8.4),(7,20235722,9.2),(8,20235722,9.1),
(9,20235722,8.9),(10,20235722,9.7),(11,20235722,7.8),(12,20235722,9.1),(13,20235722,8.5),(14,20235722,8.7),(15,20235722,8.7),
(16,20235722,8.5),(17,20235722,8.4),(18,20235722,9.4),(19,20235722,10.0),

(1,20235128,8.5),(2,20235128,7.5),(3,20235128,4.2),(4,20235128,5.66),(5,20235128,7.8),(6,20235128,6.2),(7,20235128,7.11),(8,20235128,8.21),
(9,20235128,5.41),(10,20235128,9.5),(11,20235128,8.5),(12,20235128,4.2),(13,20235128,1.87),(14,20235128,4.42),(15,20235128,7.8),
(16,20235128,5.5),(17,20235128,9.8),(18,20235128,10.0),(19,20235128,10.0);

INSERT INTO evalxEst (idEvaluacion, idEstudiante, calificacion) VALUES
(1,20235772,9.2),(2,20235772,6.5),(3,20235772,5.2),(4,20235772,5.1),(5,20235772,8.8),(6,20235772,6.2),(7,20235772,5.7),(8,20235772,8.2),
(9,20235772,6.5),(10,20235772,9.5),(11,20235772,8.9),(12,20235772,5.2),(13,20235772,3.5),(14,20235772,5.1),(15,20235772,6.1),
(16,20235772,5.5),(17,20235772,10.0),(18,20235772,5.55),(19,20235772,6.78),

(1,20225407,7.56),(2,20225407,8.7),(3,20225407,9.2),(4,20225407,9.66),(5,20225407,8.4),(6,20225407,7.5),(7,20225407,7.8),(8,20225407,8.2),
(9,20225407,8.5),(10,20225407,9.7),(11,20225407,8.3),(12,20225407,6.5),(13,20225407,7.4),(14,20225407,5.5),(15,20225407,8.8),
(16,20225407,7.5),(17,20225407,9.8),(18,20225407,10.0),(19,20225407,10.0);

INSERT INTO evalxEst (idEvaluacion, idEstudiante, calificacion) VALUES
(1,20235007,4.6),(2,20235007,6.9),(3,20235007,9.5),(4,20235007,7.4),(5,20235007,9.5),(6,20235007, 6.7),(7,20235007,5.5),(8,20235007,9.7),
(9,20235007,8.2),(10,20235007,4.6),(11,20235007,5.2),(12,20235007,8.9),(13,20235007,5.7),(14,20235007,8.2),(15,20235007,8.5),
(16,20235007,6.6),(17,20235007,4.5),(18,20235007,9.5),(19,20235007,9.5),

(1,20235973,10.0),(2,20235973,8.9),(3,20235973,9.5),(4,20235973,9.4),(5,20235973,9.5),(6,20235973, 8.7),(7,20235973,7.5),(8,20235973,9.65),
(9,20235973,8.75),(10,20235973,9.65),(11,20235973,7.98),(12,20235973,8.9),(13,20235973,7.7),(14,20235973,8.5),(15,20235973,8.95),
(16,20235973,8.14),(17,20235973,7.5),(18,20235973,9.5),(19,20235973,10.0);

--obtener todos los estudiantes que estan inscritos en un curso especifico
SELECT DISTINCT e.nombreEstudiante, e.apellidoEstudiante
FROM estudiante e
JOIN cursoxEst ce ON e.idEstudiante = ce.idEstudiante
JOIN curso c ON ce.idCurso = c.idCurso

--listar todos los profesores con los cursos que imparten
SELECT p.nombreProfesor, p.apellidoProfesor, c.nombreCurso
FROM profesor p
JOIN cursoxProfe cp ON p.idProfesor = cp.idProfesor
JOIN curso c ON cp.idCurso = c.idCurso;

--obtener todas las evaluaciones de un curso especifico
SELECT c.nombreCurso, ev.nombreEvaluacion, te.tipoEvaluacion
FROM evaluacion ev
JOIN curso c ON ev.idCurso = c.idCurso
JOIN tipoEvaluacion te ON ev.idTipoEvaluacion = te.idTipoEvaluacion

--listar todas las calificaciones de un estudiante especifico
SELECT e.nombreEstudiante AS Estudiante, e.apellidoEstudiante AS Apellido, ev.nombreEvaluacion AS Evaluacion, ex.calificacion AS Calificacion
FROM estudiante e
JOIN evalxEst ex ON e.idEstudiante = ex.idEstudiante
JOIN evaluacion ev ON ex.idEvaluacion = ev.idEvaluacion

--calificacion promedio de un curso
SELECT c.nombreCurso AS Curso, AVG(ex.calificacion) AS promedioCalificacion
FROM curso c
JOIN evaluacion ev ON c.idCurso = ev.idCurso
JOIN evalxEst ex ON ev.idEvaluacion = ex.idEvaluacion
GROUP BY c.nombreCurso;

--ver todos los cursos que enseña un profesor en particular
SELECT p.nombreProfesor AS Profesor, c.nombreCurso AS Curso
FROM profesor p
JOIN cursoxProfe cp ON p.idProfesor = cp.idProfesor
JOIN curso c ON cp.idCurso = c.idCurso

--obtener todas las evaluaciones y sus tipo para un curso
SELECT ev.nombreEvaluacion, te.tipoEvaluacion
FROM evaluacion ev
JOIN curso c ON ev.idCurso = c.idCurso
JOIN tipoEvaluacion te ON ev.idTipoEvaluacion = te.idTipoEvaluacion

--listar todos los profesores con su correo electronico
SELECT nombreProfesor, apellidoProfesor, email
FROM profesor;

SELECT nombreCurso FROM curso;
SELECT * FROM evaluacion;
SELECT * FROM tipoEvaluacion;

SELECT * FROM evaluacion ev
LEFT JOIN curso c ON ev.idCurso = c.idCurso
LEFT JOIN tipoEvaluacion te ON ev.idTipoEvaluacion = te.idTipoEvaluacion;

--Procedimietno almacenado 
CREATE PROCEDURE verificarCorreoProfesor
    @emailProfesor VARCHAR(100)
AS
BEGIN
    IF EXISTS (SELECT 1 FROM profesor WHERE email = @emailProfesor)
    BEGIN
        SELECT 'Acceso permitido' AS resultado;
    END
    ELSE
    BEGIN
        SELECT 'Acceso denegado. Correo no encontrado.' AS resultado;
    END
END;

DECLARE @correoIngresado VARCHAR(100) = 'correo.del.usuario@ejemplo.com';

EXEC verificarCorreoProfesor @emailProfesor = @correoIngresado;
